{ "HoSectSumSma": [ { "ZONE_NAME": "DELHI ZONE (5517)", "ZONE_CODE": 1, "RETAIL_LOAN_BAL": 49.485238, "AGRI_LOAN_BAL": 6.065265, "MSME_LOAN_BAL": 20.211779, "LARGE_LOAN_BAL": 0.253421, "OTHER_BAL": 0.081727, "LOAN_BAL": 76.097433, "VARIATION": -0.561051 }, { "ZONE_NAME": "LUCKNOW ZONE (5536)", "ZONE_CODE": 2, "RETAIL_LOAN_BAL": 20.178797, "AGRI_LOAN_BAL": 5.672339, "MSME_LOAN_BAL": 34.150479, "LARGE_LOAN_BAL": 0, "OTHER_BAL": 0.20419, "LOAN_BAL": 60.205807, "VARIATION": -4.093967 }, { "ZONE_NAME": "KOLKATTA ZONE (5503)", "ZONE_CODE": 3, "RETAIL_LOAN_BAL": 15.749984, "AGRI_LOAN_BAL": 3.940805, "MSME_LOAN_BAL": 18.684224, "LARGE_LOAN_BAL": 0.030474, "OTHER_BAL": 0.200034, "LOAN_BAL": 38.605524, "VARIATION": -1.61802 }, { "ZONE_NAME": "CHANDIGARH ZONE (5537)", "ZONE_CODE": 4, "RETAIL_LOAN_BAL": 30.251401, "AGRI_LOAN_BAL": 1.192731, "MSME_LOAN_BAL": 24.080572, "LARGE_LOAN_BAL": 0, "OTHER_BAL": 0.493742, "LOAN_BAL": 56.018447, "VARIATION": 1.085152 }, { "ZONE_NAME": "BHOPAL ZONE (5518)", "ZONE_CODE": 5, "RETAIL_LOAN_BAL": 20.680736, "AGRI_LOAN_BAL": 10.958283, "MSME_LOAN_BAL": 25.198991, "LARGE_LOAN_BAL": 0.078921, "OTHER_BAL": 0.072698, "LOAN_BAL": 56.989632, "VARIATION": 3.894457 }, { "ZONE_NAME": "INDORE ZONE (5527)", "ZONE_CODE": 7, "RETAIL_LOAN_BAL": 24.449278, "AGRI_LOAN_BAL": 13.394616, "MSME_LOAN_BAL": 18.426634, "LARGE_LOAN_BAL": 0, "OTHER_BAL": 0.46093, "LOAN_BAL": 56.73146, "VARIATION": 0.155886 }, { "ZONE_NAME": "RAIPUR ZONE (5535)", "ZONE_CODE": 8, "RETAIL_LOAN_BAL": 19.866828, "AGRI_LOAN_BAL": 11.476086, "MSME_LOAN_BAL": 24.33667, "LARGE_LOAN_BAL": 2.431296, "OTHER_BAL": 0.153201, "LOAN_BAL": 58.264083, "VARIATION": -1.453628 }, { "ZONE_NAME": "JABALPUR ZONE (5519)", "ZONE_CODE": 9, "RETAIL_LOAN_BAL": 13.153315, "AGRI_LOAN_BAL": 4.611914, "MSME_LOAN_BAL": 15.159546, "LARGE_LOAN_BAL": 0, "OTHER_BAL": 0.0254, "LOAN_BAL": 32.950176, "VARIATION": -4.86966 }, { "ZONE_NAME": "NOIDA ZONE (5546)", "ZONE_CODE": 10, "RETAIL_LOAN_BAL": 25.899729, "AGRI_LOAN_BAL": 4.444009, "MSME_LOAN_BAL": 17.580839, "LARGE_LOAN_BAL": 0.94559, "OTHER_BAL": 0.383375, "LOAN_BAL": 49.253545, "VARIATION": -3.09607 }, { "ZONE_NAME": "AHMEDABAD ZONE (5505)", "ZONE_CODE": 11, "RETAIL_LOAN_BAL": 8.205272, "AGRI_LOAN_BAL": 1.386498, "MSME_LOAN_BAL": 6.015938, "LARGE_LOAN_BAL": 0, "OTHER_BAL": 0, "LOAN_BAL": 15.607709, "VARIATION": 1.038977 }, { "ZONE_NAME": "SURAT ZONE (5544)", "ZONE_CODE": 12, "RETAIL_LOAN_BAL": 20.89303, "AGRI_LOAN_BAL": 1.142459, "MSME_LOAN_BAL": 10.294738, "LARGE_LOAN_BAL": 0.004786, "OTHER_BAL": 0.088558, "LOAN_BAL": 32.423573, "VARIATION": -0.052653 }, { "ZONE_NAME": "MUMBAI SOUTH ZONE (5501)", "ZONE_CODE": 13, "RETAIL_LOAN_BAL": 34.17549, "AGRI_LOAN_BAL": 2.99954, "MSME_LOAN_BAL": 84.498477, "LARGE_LOAN_BAL": 57.027455, "OTHER_BAL": 0.597528, "LOAN_BAL": 179.298492, "VARIATION": -13.823866 }, { "ZONE_NAME": "MUMBAI NORTH ZONE (5543)", "ZONE_CODE": 14, "RETAIL_LOAN_BAL": 51.203401, "AGRI_LOAN_BAL": 2.593867, "MSME_LOAN_BAL": 56.572064, "LARGE_LOAN_BAL": 0.521023, "OTHER_BAL": 0.516495, "LOAN_BAL": 111.406852, "VARIATION": -2.392924 }, { "ZONE_NAME": "THANE ZONE (5531)", "ZONE_CODE": 17, "RETAIL_LOAN_BAL": 38.382364, "AGRI_LOAN_BAL": 4.855787, "MSME_LOAN_BAL": 38.594924, "LARGE_LOAN_BAL": 0.252861, "OTHER_BAL": 0.581931, "LOAN_BAL": 82.667868, "VARIATION": -5.74296 }, { "ZONE_NAME": "NAVI MUMBAI ZONE (5542)", "ZONE_CODE": 18, "RETAIL_LOAN_BAL": 17.517219, "AGRI_LOAN_BAL": 1.646275, "MSME_LOAN_BAL": 35.943114, "LARGE_LOAN_BAL": 0.009379, "OTHER_BAL": 0.181948, "LOAN_BAL": 55.297937, "VARIATION": -1.111242 }, { "ZONE_NAME": "KOLHAPUR ZONE (5510)", "ZONE_CODE": 23, "RETAIL_LOAN_BAL": 20.398204, "AGRI_LOAN_BAL": 32.970889, "MSME_LOAN_BAL": 23.645753, "LARGE_LOAN_BAL": 0.013805, "OTHER_BAL": 0.040181, "LOAN_BAL": 77.068834, "VARIATION": -2.211128 }, { "ZONE_NAME": "SOLAPUR ZONE (5516)", "ZONE_CODE": 25, "RETAIL_LOAN_BAL": 21.470946, "AGRI_LOAN_BAL": 17.010006, "MSME_LOAN_BAL": 36.70854, "LARGE_LOAN_BAL": 0.110015, "OTHER_BAL": 0.070023, "LOAN_BAL": 75.369532, "VARIATION": 13.341912 }, { "ZONE_NAME": "SATARA ZONE (5511)", "ZONE_CODE": 27, "RETAIL_LOAN_BAL": 12.818984, "AGRI_LOAN_BAL": 8.282843, "MSME_LOAN_BAL": 19.408226, "LARGE_LOAN_BAL": 0.012933, "OTHER_BAL": 0.05475, "LOAN_BAL": 40.577738, "VARIATION": 4.817754 }, { "ZONE_NAME": "PUNE WEST ZONE (5541)", "ZONE_CODE": 28, "RETAIL_LOAN_BAL": 30.577986, "AGRI_LOAN_BAL": 7.666909, "MSME_LOAN_BAL": 34.881409, "LARGE_LOAN_BAL": 0.60555, "OTHER_BAL": 0.347929, "LOAN_BAL": 74.079785, "VARIATION": -0.950793 }, { "ZONE_NAME": "PUNE CITY ZONE (5508)", "ZONE_CODE": 29, "RETAIL_LOAN_BAL": 75.872077, "AGRI_LOAN_BAL": 2.209858, "MSME_LOAN_BAL": 114.29273, "LARGE_LOAN_BAL": 2.332164, "OTHER_BAL": 0.575579, "LOAN_BAL": 195.28241, "VARIATION": -0.601427 }, { "ZONE_NAME": "PUNE EAST ZONE (5533)", "ZONE_CODE": 31, "RETAIL_LOAN_BAL": 33.131247, "AGRI_LOAN_BAL": 13.412165, "MSME_LOAN_BAL": 35.059033, "LARGE_LOAN_BAL": 0.1608, "OTHER_BAL": 0.066738, "LOAN_BAL": 81.829984, "VARIATION": -1.071524 }, { "ZONE_NAME": "JAIPUR ZONE (5538)", "ZONE_CODE": 32, "RETAIL_LOAN_BAL": 15.568995, "AGRI_LOAN_BAL": 2.748258, "MSME_LOAN_BAL": 14.335287, "LARGE_LOAN_BAL": 0, "OTHER_BAL": 0.112449, "LOAN_BAL": 32.76499, "VARIATION": 0.172413 }, { "ZONE_NAME": "AHMEDNAGAR ZONE (5526)", "ZONE_CODE": 33, "RETAIL_LOAN_BAL": 16.593212, "AGRI_LOAN_BAL": 12.066107, "MSME_LOAN_BAL": 17.327878, "LARGE_LOAN_BAL": 0.3635, "OTHER_BAL": 0.101643, "LOAN_BAL": 46.452343, "VARIATION": -2.036242 }, { "ZONE_NAME": "AURANGABAD ZONE (5513)", "ZONE_CODE": 35, "RETAIL_LOAN_BAL": 21.268316, "AGRI_LOAN_BAL": 10.401312, "MSME_LOAN_BAL": 12.361387, "LARGE_LOAN_BAL": 0.029479, "OTHER_BAL": 0.081378, "LOAN_BAL": 44.141874, "VARIATION": -1.418835 }, { "ZONE_NAME": "LATUR ZONE (5525)", "ZONE_CODE": 37, "RETAIL_LOAN_BAL": 41.922291, "AGRI_LOAN_BAL": 13.946117, "MSME_LOAN_BAL": 16.732624, "LARGE_LOAN_BAL": 0.305131, "OTHER_BAL": 0.030432, "LOAN_BAL": 72.936596, "VARIATION": -7.405595 }, { "ZONE_NAME": "CHANDRAPUR ZONE (5522)", "ZONE_CODE": 39, "RETAIL_LOAN_BAL": 15.318505, "AGRI_LOAN_BAL": 1.455389, "MSME_LOAN_BAL": 8.320206, "LARGE_LOAN_BAL": 0.069103, "OTHER_BAL": 0.094479, "LOAN_BAL": 25.257685, "VARIATION": -0.578977 }, { "ZONE_NAME": "NAGPUR ZONE (5520)", "ZONE_CODE": 41, "RETAIL_LOAN_BAL": 17.004054, "AGRI_LOAN_BAL": 1.727398, "MSME_LOAN_BAL": 21.176239, "LARGE_LOAN_BAL": 0.208831, "OTHER_BAL": 0.13829, "LOAN_BAL": 40.254813, "VARIATION": -1.732161 }, { "ZONE_NAME": "AMRAVATI ZONE (5524)", "ZONE_CODE": 43, "RETAIL_LOAN_BAL": 19.671647, "AGRI_LOAN_BAL": 9.520461, "MSME_LOAN_BAL": 15.620358, "LARGE_LOAN_BAL": 0.129734, "OTHER_BAL": 0.065036, "LOAN_BAL": 45.007237, "VARIATION": 4.697884 }, { "ZONE_NAME": "AKOLA ZONE (5521)", "ZONE_CODE": 45, "RETAIL_LOAN_BAL": 14.974582, "AGRI_LOAN_BAL": 3.602878, "MSME_LOAN_BAL": 6.371983, "LARGE_LOAN_BAL": 0.028302, "OTHER_BAL": 0.088564, "LOAN_BAL": 25.066311, "VARIATION": -1.077821 }, { "ZONE_NAME": "NASIK ZONE (5514)", "ZONE_CODE": 47, "RETAIL_LOAN_BAL": 35.333821, "AGRI_LOAN_BAL": 9.613877, "MSME_LOAN_BAL": 38.770951, "LARGE_LOAN_BAL": 0.884624, "OTHER_BAL": 0.122422, "LOAN_BAL": 84.725697, "VARIATION": -6.888264 }, { "ZONE_NAME": "MALEGAON ZONE (5547)", "ZONE_CODE": 48, "RETAIL_LOAN_BAL": 9.018788, "AGRI_LOAN_BAL": 5.500669, "MSME_LOAN_BAL": 9.5605, "LARGE_LOAN_BAL": 0, "OTHER_BAL": 0.000156, "LOAN_BAL": 24.080115, "VARIATION": -1.113167 }, { "ZONE_NAME": "JALGAON ZONE (5534)", "ZONE_CODE": 49, "RETAIL_LOAN_BAL": 29.971381, "AGRI_LOAN_BAL": 7.132363, "MSME_LOAN_BAL": 6.781225, "LARGE_LOAN_BAL": 0, "OTHER_BAL": 0.082621, "LOAN_BAL": 43.967592, "VARIATION": -4.001794 }, { "ZONE_NAME": "GOA ZONE (5528)", "ZONE_CODE": 51, "RETAIL_LOAN_BAL": 33.665144, "AGRI_LOAN_BAL": 7.255712, "MSME_LOAN_BAL": 16.924612, "LARGE_LOAN_BAL": 0.023193, "OTHER_BAL": 0.085196, "LOAN_BAL": 57.953859, "VARIATION": -0.815754 }, { "ZONE_NAME": "BANGALORE ZONE (5506)", "ZONE_CODE": 53, "RETAIL_LOAN_BAL": 45.647159, "AGRI_LOAN_BAL": 5.840151, "MSME_LOAN_BAL": 20.586557, "LARGE_LOAN_BAL": 0, "OTHER_BAL": 0.035131, "LOAN_BAL": 72.108999, "VARIATION": -3.369481 }, { "ZONE_NAME": "CHENNAI ZONE (5530)", "ZONE_CODE": 54, "RETAIL_LOAN_BAL": 32.044575, "AGRI_LOAN_BAL": 1.478786, "MSME_LOAN_BAL": 46.532182, "LARGE_LOAN_BAL": 0.156754, "OTHER_BAL": 0.272305, "LOAN_BAL": 80.484605, "VARIATION": -12.355979 }, { "ZONE_NAME": "HYDERABAD ZONE (5507)", "ZONE_CODE": 55, "RETAIL_LOAN_BAL": 35.607464, "AGRI_LOAN_BAL": 9.813758, "MSME_LOAN_BAL": 68.847803, "LARGE_LOAN_BAL": 0.004349, "OTHER_BAL": 0.332933, "LOAN_BAL": 114.606308, "VARIATION": -2.608324 }, { "ZONE_NAME": "PATNA ZONE (5545)", "ZONE_CODE": 56, "RETAIL_LOAN_BAL": 8.75613, "AGRI_LOAN_BAL": 1.191227, "MSME_LOAN_BAL": 9.918918, "LARGE_LOAN_BAL": 0.027552, "OTHER_BAL": 0.020557, "LOAN_BAL": 19.914385, "VARIATION": -1.40267 }, { "ZONE_NAME": "BHUBANESWAR ZONE (5549)", "ZONE_CODE": 57, "RETAIL_LOAN_BAL": 6.897711, "AGRI_LOAN_BAL": 1.668469, "MSME_LOAN_BAL": 16.374524, "LARGE_LOAN_BAL": 0.005623, "OTHER_BAL": 0.038561, "LOAN_BAL": 24.984889, "VARIATION": 1.376034 }, { "ZONE_NAME": "VIJAYWADA ZONE (5548)", "ZONE_CODE": 58, "RETAIL_LOAN_BAL": 14.886292, "AGRI_LOAN_BAL": 0.756084, "MSME_LOAN_BAL": 15.775542, "LARGE_LOAN_BAL": 0.07832, "OTHER_BAL": 0.034725, "LOAN_BAL": 31.530965, "VARIATION": -0.519741 }, { "ZONE_NAME": "ERNAKULAM ZONE (5550)", "ZONE_CODE": 59, "RETAIL_LOAN_BAL": 11.973337, "AGRI_LOAN_BAL": 2.49293, "MSME_LOAN_BAL": 7.236269, "LARGE_LOAN_BAL": 0.63099, "OTHER_BAL": 0.220872, "LOAN_BAL": 22.5544, "VARIATION": 1.745778 }, { "ZONE_NAME": "CENTRAL OFFICE (9999)", "ZONE_CODE": 99, "RETAIL_LOAN_BAL": 1010.484951, "AGRI_LOAN_BAL": 266.145109, "MSME_LOAN_BAL": 1063.299745, "LARGE_LOAN_BAL": 67.735974, "OTHER_BAL": 7.154724, "LOAN_BAL": 2414.820505, "VARIATION": -58.649466 } ] }